nFotogramas;mean;median;std
1;0.5578149682;0.0801323;1.6057614977586603
2;0.8170483797333333;0.134183;2.1047660502828953
5;1.1715958720933333;0.20067687499999998;2.708922806457724
