strategy;mean;median;std
cols;0.8316813068100001;0.129004;2.176388506782561
rows;0.8458510220066667;0.13366675;2.186023979307785
blocks;0.86892689121;0.13802684999999998;2.240692326975651
