strategy;mean;median;std
cols;0.8610872848000001;0.134554;2.2568467087971764
rows;0.8746655851333334;0.1366655;2.266656309488828
blocks;0.9006270553333334;0.142264;2.331736322382323
