nFotogramas;mean;median;std
1;0.06279940929783952;0.01840425;0.11347111322043182
2;0.09685401548996914;0.026339500000000002;0.17478909089325104
3;0.131652371720679;0.03429675;0.24290249876181458
