strategy;mean;median;std
cols;0.42938703355472224;0.08046357500000001;1.0998301293454735
rows;0.42982688260527774;0.07923170999999998;1.100332593642372
blocks;0.42940732903083334;0.079178975;1.1006441842220287
