nFotogramas;mean;median;std
1;0.23353283596111113;0.050015000000000004;0.49666190272576766
2;0.3838234155361111;0.08037455;0.8353307519233465
5;0.6712649936936111;0.128915;1.6088443302272581
