nFotogramas;mean;median;std
1;0.23353283596111113;0.050015000000000004;0.49666190272576766
2;0.38754899080555555;0.08223715;0.8408721236564574
5;0.6947017421055556;0.1350715;1.6651523983822958
