strategy;mean;median;std
cols;0.43861344402777774;0.08211895;1.1323547608263471
rows;0.43866087928333336;0.08102234999999999;1.1298775069603233
blocks;0.43850924556111115;0.08138705;1.1304308742052656
