nFotogramas;mean;median;std
1;0.554980391;0.08093645;1.5880815969600917
2;0.8141151770666667;0.1348125;2.088146571294391
5;1.2516871248666666;0.227133;2.8686931242350924
