nFotogramas;mean;median;std
1;0.5578149682;0.0801323;1.6057614977586603
2;0.8194969263999999;0.1346135;2.1070452124332837
5;1.2590680306666666;0.2222905;2.898182340775855
