strategy;mean;median;std
cols;0.8609759866833333;0.13140525;2.250140909334945
rows;0.8765449247433333;0.144159;2.2634730737379742
blocks;0.8819610506266666;0.13981100000000002;2.2737807630459166
