strategy;mean;median;std
cols;0.8614133976;0.1316985;2.2503791804935456
rows;0.8769747349333333;0.144629;2.2637002261274657
blocks;0.8823945604000001;0.1400865;2.2740160839222736
