nFotogramas;mean;median;std
1;0.5547876828;0.08064135;1.5880314626955991
2;0.8137526521999999;0.13452225;2.08802161269199
5;1.2509416270533333;0.2264181;2.8683285137887475
