ns;mean;median;std
1;0.3853184;0.074;1.2367285147890412
2;0.4232368;0.083;1.3504231524343655
5;0.5442096000000001;0.106;1.7281135212176846
10;0.74124;0.147;2.3613286982446655
