ns;mean;median;std
1;0.3853184;0.074;1.2367285147890412
2;0.2116184;0.0415;0.6752115762171828
5;0.10884192000000001;0.0212;0.34562270424353686
10;0.074124;0.0147;0.2361328698244665
