strategy;mean;median;std
cols;0.0949043652199074;0.024531949999999997;0.18249045078148418
rows;0.09812716948302469;0.025116600000000003;0.1895168870240536
blocks;0.09827426180555555;0.0250429;0.18860749517675102
