ns;mean;median;std
1;0.025974157179140946;0.01256135;0.03493442850306644
3;0.06516446933191873;0.02578405;0.09177738015550466
10;0.19224900452031893;0.07823135;0.2712135868483783
