nFotogramas;mean;median;std
1;0.06279940929783952;0.01840425;0.11347111322043182
2;0.09528688331404321;0.025402800000000003;0.17295378153772845
3;0.1253013384194959;0.032047483333333335;0.2314543349963742
