ns;mean;median;std
1;0.026865951639660494;0.01277025;0.03634522675448222
3;0.06719503931327162;0.026296800000000002;0.09521531904083903
10;0.19724480555555554;0.07945060000000001;0.28027371704554555
